{"SeniorCitizen": 0.023499928444456336, "tenure": -0.5606547955460833, "MonthlyCharges": 0.1168439444313481, "TotalCharges": -0.23471784392105646, "gender_Male": 0.019388958612959275, "Partner_Yes": -0.009762902844965098, "Dependents_Yes": -0.15591742549430784, "PhoneService_Yes": -0.061278610377352535, "MultipleLines_No phone service": 0.061278610377352535, "MultipleLines_Yes": 0.10366353848711352, "InternetService_Fiber optic": 0.37367564282613513, "InternetService_No": -0.048138417706438646, "OnlineSecurity_No internet service": -0.048138417706438646, "OnlineSecurity_Yes": -0.2032260509650024, "OnlineBackup_No internet service": -0.048138417706438646, "OnlineBackup_Yes": -0.09780540196330821, "DeviceProtection_No internet service": -0.048138417706438646, "DeviceProtection_Yes": -0.03511660499158006, "TechSupport_No internet service": -0.048138417706438646, "TechSupport_Yes": -0.1779368203001737, "StreamingTV_No internet service": -0.048138417706438646, "StreamingTV_Yes": 0.11333605459253059, "StreamingMovies_No internet service": -0.048138417706438646, "StreamingMovies_Yes": 0.16688274367748399, "Contract_One year": -0.15564358705587186, "Contract_Two year": -0.26806974222165475, "PaperlessBilling_Yes": 0.21783732896749158, "PaymentMethod_Credit card (automatic)": -0.00675632827032323, "PaymentMethod_Electronic check": 0.10672287364424753, "PaymentMethod_Mailed check": -0.031992803970842656, "AvgMonthlySpend": 0.1543781498028134, "ServicesCount": -0.05375061683788211, "ContractStrength": -0.35066382740516233, "AutoPay": -0.07454797472349668, "Tenure_MonthlyCharge": 0.2489118852403099}